Key,,,,,,,,
Stata A and Z,,State A is where service start and State Z is where it ends,,,,,,
MRR,,Monthly Recurring Revenue,,,,,,
Term,,How long the service term is,,,,,,
Service Count,,How many service for that customer,,,,,,
,,,,,,,,
ID/Name,Service Count,Service ID,Product,Total MRR,Term,Bandwidth,State A,State Z
957010,88,211581,Product E," $	19,286.05 ",36,10G,MN,WA
957010,88,211941,Product E," $	12,084.00 ",36,10G,WA,MN
957010,88,211942,Product E," $	4,783.25 ",36,10G,MN,IL
957010,88,211579,Product E," $	4,783.25 ",36,10G,IL,MN
957010,88,211580,Product E," $	19,286.05 ",36,10G,WA,MN
957010,88,211583,Product E," $	7,200.05 ",36,10G,WA,WA
957010,88,211582,Product E," $	4,783.25 ",36,10G,IL,MN
957010,88,212128,Product F," $	1,029.90 ",60,N/A,IL,
957010,88,212333,Product F, $	710.66 ,60,N/A,IL,
957010,88,212008,Product F," $	15,696.35 ",60,N/A,IL,
957010,88,212331,Product F, $	810.18 ,60,N/A,IL,
957010,88,212332,Product F, $	810.18 ,60,N/A,IL,
957010,88,212329,Product F, $	710.66 ,60,N/A,IL,
957010,88,212083,Product F, $	372.87 ,240,N/A,CA,CA
957010,88,212102,Product F, $	211.60 ,60,N/A,IL,
957010,88,212163,Product F," $	1,089.67 ",240,N/A,CA,
957010,88,212402,Product F, $	-00 ,120,N/A,WA,
957010,88,212404,Product F," $	1,663.97 ",240,N/A,WA,WA
957010,88,212434,Product F, $	563.66 ,240,N/A,WA,WA
957010,88,212330,Product F, $	710.66 ,60,N/A,IL,
957010,88,212327,Product F, $	710.66 ,60,N/A,IL,
957010,88,211219,Product A, $	431.00 ,12,DS1,WA,OR
957010,88,211214,Product A," $	2,076.26 ",12,DS3,WA,WA
957010,88,211211,Product A," $	2,477.52 ",12,DS3,OR,OR
957010,88,211202,Product A," $	1,523.66 ",36,DS3,WA,WA
957010,88,215563,Product E," $	13,139.32 ",36,10G,WV,WV
957010,88,13264,Other, $	-00 ,36,DS1,,
957010,88,13265,Other, $	-00 ,36,DS1,,
957010,88,13267,Other, $	-00 ,36,DS1,,
957010,88,13269,Other, $	-00 ,36,DS1,,
957010,88,13270,Other, $	-00 ,36,DS1,,
957010,88,13273,Other, $	-00 ,36,DS1,,
957010,88,13276,Other, $	-00 ,36,DS1,,
957010,88,13279,Other, $	-00 ,36,DS1,,
957010,88,13280,Other, $	-00 ,36,DS1,,
957010,88,13281,Other, $	-00 ,36,DS1,,
957010,88,13282,Other, $	-00 ,36,DS1,,
957010,88,13284,Other, $	-00 ,36,DS1,,
957010,88,13283,Other, $	330.30 ,60,N/A,,
957010,88,12744,Other, $	330.30 ,60,N/A,,
957010,88,12745,Other, $	-00 ,36,DS1,,
957010,88,12746,Other, $	-00 ,36,DS1,,
957010,88,12748,Other, $	-00 ,36,DS1,,
957010,88,12749,Other, $	-00 ,36,DS1,,
957010,88,12742,Other, $	-00 ,36,DS1,,
957010,88,12743,Other, $	-00 ,36,DS1,,
957010,88,205275,Product E," $	34,927.80 ",1,10G,VA,OH
957010,88,206518,Product E," $	20,252.77 ",60,10G,MN,MN
957010,88,207789,Product E," $	37,843.06 ",36,10G,WV,IL
957010,88,205721,Product E," $	47,403.69 ",48,10G,VA,MI
957010,88,194982,Product E," $	10,376.63 ",1,10G,IL,OH
957010,88,248103,Product F," $	3,515.79 ",12,N/A,MN,
957010,88,256631,Product E," $	5,347.17 ",36,10G,IL,WV
957010,88,258132,Product E," $	5,727.57 ",36,10G,OH,VA
957010,88,258136,Product E," $	5,644.24 ",36,10G,VA,OH
957010,88,258137,Product E," $	5,644.24 ",36,10G,VA,OH
957010,88,258138,Product E," $	5,644.24 ",36,10G,VA,OH
957010,88,258387,Product E," $	5,644.24 ",36,10G,VA,OH
957010,88,237485,Product E," $	22,041.22 ",29,10G,MI,VA
957010,88,235740,Product F," $	2,754.64 ",240,N/A,OR,
957010,88,235741,Product F," $	1,580.15 ",240,N/A,OR,
957010,88,241619,Product E," $	9,331.87 ",60,10G,WV,WV
957010,88,241617,Product E," $	12,053.79 ",36,10G,WV,IL
957010,88,241618,Product E," $	7,232.27 ",36,10G,WV,VA
957010,88,247069,Product E," $	4,783.25 ",36,10G,MN,IL
957010,88,244283,Product D," $	2,286.59 ",36,50Mb,WA,
957010,88,269080,Product E," $	5,644.24 ",36,10G,OH,IL
957010,88,267206,Product D," $	1,173.36 ",36,30Mb,,
957010,88,267679,Product E," $	5,644.24 ",36,10G,OH,IL
957010,88,267732,Product E," $	5,644.24 ",36,10G,OH,IL
957010,88,267733,Product E," $	5,644.24 ",36,10G,OH,IL
957010,88,267734,Product E," $	5,644.24 ",36,10G,OH,IL
957010,88,274067,Product E," $	7,552.50 ",36,10G,WA,MN
957010,88,274005,Product F," $	17,518.36 ",66,N/A,IL,
957010,88,269763,Product E," $	21,821.69 ",12,10G,VA,MI
957010,88,273667,Product F, $	179.53 ,12,N/A,OH,
957010,88,258027,Product E," $	5,347.17 ",36,10G,VA,WV
957010,88,265985,Product E," $	8,317.82 ",36,10G,ID,WA
957010,88,265984,Product E," $	8,317.82 ",36,10G,ID,WA
957010,88,278331,Product E," $	9,048.94 ",36,10G,,
957010,88,291615,Product E," $	11,077.00 ",36,10G,IL,
957010,88,292171,Product E," $	11,077.00 ",36,10G,WV,
957010,88,293022,Product E," $	19,108.84 ",36,1G,ID,
957010,88,302448,Product E," $	5,941.30 ",36,10G,IL,
957010,88,290978,Product E," $	4,797.14 ",36,10G,MN,
957010,88,298413,Product E," $	5,941.30 ",36,10G,OH,
957010,88,289684,Product F," $	10,884.33 ",6,N/A,OH,
957010,88,296095,Product E," $	4,984.65 ",36,10G,,
450667,30,213130,Product E," $	6,015.05 ",36,10G,WA,WA
450667,30,213131,Product E," $	3,262.40 ",36,10G,WA,OR
450667,30,213177,Product F, $	468.45 ,12,N/A,OR,
450667,30,213193,Product D," $	1,510.50 ",36,1000Mb,WA,WA
450667,30,213185,Product F, $	936.90 ,36,N/A,UT,
450667,30,213186,Product F, $	936.90 ,36,N/A,WA,
450667,30,232930,Product E," $	3,058.50 ",60,10G,WA,WA
450667,30,232931,Product E," $	5,811.15 ",60,10G,OR,WA
450667,30,248777,Other," $	1,208.40 ",12,1000Mb,NY,
450667,30,251931,Product B, $	-00 ,12,Fiber Pair,NY,NY
450667,30,251835,Product F, $	-00 ,141,N/A,WA,
450667,30,253521,Product B, $	175.00 ,60,5Mb,NY,
450667,30,247881,Product E," $	2,769.25 ",60,10G,OR,NY
450667,30,247559,Product F," $	6,105.58 ",60,N/A,WA,
450667,30,251097,Product B," $	2,269.31 ",36,N/A,NY,
450667,30,251591,Product B, $	-00 ,12,Bulk Fiber,NY,NY
450667,30,258152,Product E," $	2,504.91 ",48,10G,WA,WA
450667,30,258149,Product E, $	-00 ,141,10G,WA,WA
450667,30,258150,Product E," $	2,504.91 ",48,10G,WA,WA
450667,30,258151,Product E, $	-00 ,141,10G,WA,WA
450667,30,258389,Product E," $	2,504.91 ",48,10G,WA,WA
450667,30,230562,Product F," $	7,147.00 ",60,N/A,WA,
450667,30,235515,Product F," $	4,146.50 ",120,N/A,WA,
450667,30,245948,Product E," $	3,524.50 ",60,10G,WA,WA
450667,30,246873,Product F," $	8,830.60 ",120,N/A,WA,
450667,30,246086,Product E," $	4,589.83 ",60,10G,WA,WA
450667,30,240493,Product E," $	3,071.35 ",60,10G,WA,WA
450667,30,240563,Product E," $	3,071.35 ",60,10G,WA,WA
450667,30,264033,Product E," $	2,504.91 ",48,10G,WA,WA
450667,30,290178,Product E," $	3,236.15 ",60,10G,NJ,WA
610306,6,270940,Product F," $	2,552.50 ",36,N/A,CA,
610306,6,276868,Product D," $	1,426.46 ",24,1G,,
610306,6,276706,Product F," $	21,134.70 ",36,N/A,CA,
610306,6,291806,Other," $	3,500.00 ",36,1G,,
610306,6,300654,Other," $	1,750.00 ",36,1.5G,,
610306,6,298716,Other," $	1,505.00 ",36,1G,,
870970,10,226815,Other," $	8,418.52 ",18,4G,CA,
870970,10,261404,Product E," $	2,847.38 ",36,2.5G,NY,DC
870970,10,231991,Product F," $	2,794.82 ",60,N/A,DC,DC
870970,10,231992,Product F," $	2,878.15 ",60,N/A,DC,DC
870970,10,231994,Product F," $	2,433.40 ",60,N/A,,DC
870970,10,231993,Product F," $	2,794.82 ",60,N/A,DC,DC
870970,10,232339,Product F," $	3,873.12 ",60,N/A,DC,DC
870970,10,231990,Product F," $	2,794.82 ",60,N/A,DC,DC
870970,10,231995,Product F," $	2,433.40 ",60,N/A,DC,DC
870970,10,271764,Product F," $	4,084.00 ",36,N/A,NY,
824568,10,223104,Product D," $	3,021.00 ",24,10G,,
824568,10,229930,Product D," $	2,014.00 ",18,1G,,
824568,10,230633,Product D," $	2,014.00 ",24,1G,CA,
824568,10,234524,Product D," $	1,191.28 ",12,100Mb,,
824568,10,248274,Product D," $	1,460.16 ",24,100Mb,CA,
824568,10,275161,Other, $	704.90 ,24,100Mb,,
824568,10,289850,Product E," $	6,500.19 ",24,1G,MN,MN
824568,10,277308,Other, $	687.53 ,12,100Mb,,
824568,10,280635,Product E," $	2,527.57 ",24,1G,MN,CA
824568,10,282298,Other," $	1,158.05 ",24,100Mb,,
890026,4,226176,Other," $	2,366.45 ",24,400Mb,MA,MA
890026,4,221521,Other, $	906.30 ,12,100Mb,TX,
890026,4,278663,Other," $	1,214.96 ",36,200Mb,,
890026,4,263515,Product D," $	29,734.30 ",36,4G,,
404549,12,238459,Product F," $	1,837.80 ",24,N/A,VA,
404549,12,230677,Other," $	4,971.56 ",18,2G,CA,
404549,12,230678,Other," $	4,971.56 ",18,4G,VA,
404549,12,230681,Other," $	2,841.75 ",12,250Mb,CA,
404549,12,230682,Other," $	1,452.09 ",18,50Mb,CA,
404549,12,234281,Product F," $	1,837.80 ",24,N/A,VA,
404549,12,235748,Product F," $	3,712.39 ",36,N/A,CA,
404549,12,240146,Product F," $	1,987.76 ",24,N/A,VA,
404549,12,261225,Other," $	2,908.22 ",12,1G,CA,
404549,12,261228,Other," $	2,908.22 ",12,1G,CA,
404549,12,279137,Product D," $	2,954.56 ",12,2G,,
404549,12,287976,Other," $	4,937.00 ",18,2G,,
580425,26,222707,Product D," $	3,524.50 ",12,1G,,
580425,26,223209,Product D," $	4,229.40 ",12,10G,IL,
580425,26,222706,Product D," $	2,769.24 ",12,1G,IL,
580425,26,226386,Other," $	6,495.15 ",12,2G,IL,
580425,26,226563,Other," $	3,725.90 ",12,1G,IL,
580425,26,227390,Product D," $	3,021.00 ",12,1G,,
580425,26,224484,Product F," $	7,402.25 ",12,N/A,IL,
580425,26,225297,Product F," $	5,564.45 ",12,N/A,IL,
580425,26,224037,Product F," $	4,594.50 ",12,N/A,NY,
580425,26,221670,Other," $	1,007.00 ",12,50Mb,NY,
580425,26,221278,Other," $	1,434.98 ",12,200Mb,IL,
580425,26,225887,Product F," $	9,044.02 ",36,N/A,,
580425,26,225210,Product F," $	8,116.95 ",12,N/A,IL,
580425,26,225250,Product F," $	6,126.00 ",36,N/A,,
580425,26,247535,Product F," $	6,381.25 ",12,N/A,NJ,
580425,26,261665,Other," $	1,000.00 ",12,100Mb,,
580425,26,259752,Product D," $	2,467.16 ",12,1G,,
580425,26,238356,Other," $	1,500.43 ",12,300Mb,IL,
580425,26,243995,Product D," $	2,500.13 ",12,1G,TX,
580425,26,241746,Product D," $	3,121.70 ",12,10G,IL,
580425,26,262393,Other, $	979.56 ,12,100Mb,,
580425,26,292368,Other, $	704.90 ,12,100Mb,IL,
580425,26,298236,Product F," $	5,921.80 ",12,N/A,NJ,
580425,26,281306,Product F," $	14,549.25 ",12,N/A,NJ,
580425,26,288756,Product D," $	3,423.80 ",12,1G,NJ,
580425,26,287816,Product E," $	3,350.00 ",12,10G,,
174769,4,227128,Product D," $	14,273.00 ",41,1G,,
174769,4,249992,Other," $	7,136.50 ",36,1G,VA,
174769,4,239267,Product F, $	370.43 ,36,N/A,VA,
174769,4,232032,Product F," $	3,174.00 ",36,N/A,,VA
941572,23,236858,Product B, $	254.07 ,36,DS3 (Coax),TX,TX
941572,23,234393,Product E," $	25,416.28 ",36,1G,TX,TX
941572,23,230834,Product B," $	1,219.56 ",36,Fiber Pair,TX,TX
941572,23,230835,Product B," $	1,219.56 ",36,Fiber Pair,TX,TX
941572,23,230837,Product B, $	152.44 ,36,Fiber Pair,TX,TX
941572,23,230838,Product B, $	76.22 ,36,Fiber Pair,TX,TX
941572,23,230839,Product B, $	76.22 ,36,Fiber Pair,TX,TX
941572,23,230841,Product B, $	76.22 ,36,Fiber Pair,TX,TX
941572,23,230840,Product B, $	76.22 ,36,Fiber Pair,TX,TX
941572,23,244301,Product B," $	7,662.90 ",24,NULL,TX,
941572,23,244428,Product B, $	-00 ,12,Bulk Fiber,TX,TX
941572,23,245017,Product B, $	914.67 ,12,Fiber Pair,TX,TX
941572,23,244981,Other," $	7,083.49 ",36,300Mb,GA,
941572,23,226626,Other," $	7,580.49 ",36,3G,TX,
941572,23,227634,Product D," $	7,997.48 ",36,10G,,
941572,23,227635,Product D," $	7,997.48 ",36,10G,,
941572,23,221332,Other," $	7,580.49 ",36,3G,TX,
941572,23,275590,Product D," $	1,714.80 ",12,1G,,
941572,23,270027,Other," $	1,562.50 ",12,300Mb,,
941572,23,289296,Product D," $	5,168.88 ",12,2G,,
941572,23,289292,Other," $	5,731.52 ",60,5G,,
941572,23,289293,Product D," $	3,976.06 ",12,2G,,
941572,23,289295,Product D," $	5,377.86 ",24,10G,,
959691,8,231767,Product D," $	5,538.50 ",12,100Mb,CA,
959691,8,252670,Product E," $	3,007.53 ",24,10G,AZ,CA
959691,8,247868,Product F," $	3,072.85 ",24,N/A,AZ,
959691,8,219133,Product E," $	2,242.90 ",24,10G,AZ,CA
959691,8,223925,Product F," $	6,328.15 ",36,N/A,AZ,
959691,8,267689,Product F," $	13,669.96 ",60,N/A,VA,
959691,8,267705,Product F," $	6,062.58 ",60,N/A,VA,
959691,8,287424,Product F," $	3,259.03 ",22,N/A,VA,
729199,11,222510,Product D," $	6,444.80 ",1,2G,VA,
729199,11,222714,Product D," $	6,444.80 ",1,2G,VA,
729199,11,239008,Product D," $	6,444.80 ",1,2G,IL,
729199,11,239007,Product D," $	6,444.80 ",1,2G,VA,
729199,11,236837,Product D," $	4,599.48 ",1,10G,CA,
729199,11,236033,Product D," $	4,599.48 ",1,10G,CA,
729199,11,234840,Other," $	2,739.04 ",12,1000Mb,CA,
729199,11,268194,Other," $	38,266.00 ",12,40G,IL,
729199,11,300538,Product E," $	2,686.68 ",12,10G,CA,
729199,11,293347,Other," $	1,965.66 ",12,1G,VA,
729199,11,299219,Product E," $	2,686.68 ",12,10G,CA,
448353,10,230505,Product D," $	3,284.90 ",12,1G,FL,
448353,10,245231,Product D," $	2,759.62 ",12,1G,CA,
448353,10,254056,Other," $	15,644.85 ",36,3G,CA,
448353,10,258965,Product E," $	6,250.00 ",24,10G,,
448353,10,278288,Product E," $	9,063.00 ",36,10G,VA,
448353,10,278116,Product D," $	2,098.72 ",24,1G,,
448353,10,270124,Product E," $	11,580.50 ",48,10G,CA,VA
448353,10,297729,Product E," $	6,948.30 ",24,10G,VA,
448353,10,287311,Product D," $	1,510.50 ",36,1G,VA,
448353,10,280765,Product E," $	11,580.50 ",36,10G,,
191253,5,239727,Product D," $	2,819.60 ",24,1G,NJ,
191253,5,239729,Product D," $	6,042.00 ",24,10G,NJ,
191253,5,238994,Other," $	3,524.50 ",12,500Mb,NJ,
191253,5,241665,Product D," $	2,014.00 ",24,1G,NJ,
191253,5,220097,Product E, $	-00 ,24,1G,NY,NJ
360311,10,221330,Other," $	5,160.46 ",36,1000Mb,TX,
360311,10,222553,Product D," $	3,140.06 ",36,1G,TX,
360311,10,227333,Product D," $	5,909.02 ",36,10G,TX,
360311,10,227339,Product D," $	8,340.52 ",36,10G,TX,
360311,10,248402,Product D," $	4,731.76 ",36,10G,TX,
360311,10,248401,Product D," $	4,731.76 ",36,10G,TX,
360311,10,230327,Product D," $	2,453.72 ",36,1G,TX,
360311,10,230328,Product D," $	2,453.72 ",36,1G,TX,
360311,10,273755,Product D," $	1,779.47 ",36,1G,,
360311,10,294405,Other," $	1,064.36 ",36,100Mb,TX,
721656,17,222035,Other," $	3,147.20 ",12,200Mb,VA,
721656,17,223060,Product D," $	3,160.46 ",24,1G,,
721656,17,223201,Product D," $	3,160.46 ",24,1G,,
721656,17,234070,Other," $	23,665.98 ",24,4G,CO,
721656,17,221092,Other," $	1,367.19 ",27,2.5G,,
721656,17,222037,Other," $	3,147.20 ",12,200Mb,VA,
721656,17,221091,Other," $	1,093.75 ",27,2.5G,,
721656,17,231624,Product D," $	24,948.95 ",12,2G,,
721656,17,252553,Product F, $	553.65 ,36,N/A,VA,
721656,17,252636,Product F, $	553.65 ,36,N/A,VA,
721656,17,252637,Product F, $	553.65 ,36,N/A,VA,
721656,17,261451,Product E," $	1,456.36 ",36,10G,NY,VA
721656,17,261457,Product E," $	1,428.58 ",36,10G,NY,VA
721656,17,261237,Product F," $	3,271.89 ",60,N/A,AZ,
721656,17,261810,Product D," $	2,230.16 ",26,2G,,
721656,17,269492,Product F, $	702.48 ,36,N/A,VA,
721656,17,269144,Product F, $	702.48 ,36,N/A,VA,
797980,9,269113,Product D," $	2,140.96 ",27,100Mb,,
797980,9,268553,Product D," $	1,512.92 ",36,10Mb,,
797980,9,268554,Product D," $	1,631.20 ",36,10Mb,,
797980,9,231021,Product B, $	-00 ,60,N/A,IL,IL
797980,9,249011,Other," $	6,042.00 ",48,1G,IL,
797980,9,251386,Product E," $	2,712.09 ",48,1G,IL,IL
797980,9,227050,Product B, $	-00 ,60,NULL,IL,
797980,9,227048,Product B, $	-00 ,60,NULL,IL,
797980,9,220100,Product E," $	64,448.08 ",36,10G,IL,IL
258844,3,226115,Other," $	5,001.77 ",12,1000Mb,TX,
258844,3,222436,Product D," $	3,524.50 ",24,1G,TX,
258844,3,254250,Product E," $	5,154.97 ",24,10G,TX,TX
912303,9,244356,Product E," $	7,136.50 ",12,10G,CA,CA
912303,9,282776,Product B, $	-00 ,60,N/A,CA,
912303,9,282783,Product B," $	4,635.00 ",60,N/A,CA,
912303,9,282784,Product B," $	123,488.51 ",60,N/A,CA,
912303,9,286188,Product B, $	500.00 ,60,Fiber Pair,CA,CA
912303,9,286198,Product B, $	10.00 ,60,DS0,CA,CA
912303,9,284208,Product B, $	-00 ,60,Fiber Pair,CA,CA
912303,9,284207,Product B, $	-00 ,60,Fiber Pair,CA,CA
912303,9,284217,Product B, $	-00 ,60,Fiber Pair,CA,CA
163318,2,276881,Product D," $	4,740.68 ",36,1G,,
163318,2,282081,Product D," $	2,507.98 ",36,1G,,
251358,5,247183,Other," $	1,019.50 ",24,100Mb,PA,
251358,5,247180,Other," $	1,529.25 ",24,150Mb,PA,
251358,5,247064,Other," $	1,082.00 ",24,100Mb,NY,
251358,5,245270,Other," $	1,529.25 ",24,150Mb,PA,
251358,5,262373,Product D," $	2,242.90 ",24,1G,,
867725,37,245179,Product D," $	2,769.98 ",12,1G,IN,
867725,37,266595,Product D, $	700.00 ,36,200Mb,,
867725,37,266327,Product B, $	25.66 ,12,Fiber Pair,,
867725,37,266734,Product D," $	1,275.00 ",36,100Mb,,
867725,37,265519,Product B, $	-00 ,36,Fiber Pair,,
867725,37,265520,Product B, $	-00 ,36,Fiber Pair,,
867725,37,265521,Product B, $	-00 ,36,Fiber Pair,,
867725,37,265844,Other, $	560.00 ,36,50Mb,,
867725,37,264254,Product B," $	1,231.80 ",36,Rack,,
867725,37,264252,Product B," $	2,053.00 ",36,Rack,,
867725,37,294014,Product B, $	154.17 ,36,Fiber Pair,IL,IL
867725,37,284332,Product B, $	-00 ,60,Fiber Pair,IL,IL
867725,37,284333,Product B, $	-00 ,60,Fiber Pair,IL,IL
867725,37,284334,Product B, $	-00 ,36,Fiber Pair,IL,IL
867725,37,285544,Product B, $	150.00 ,36,Fiber Pair,IL,IL
867725,37,285545,Product B, $	50.00 ,36,FE (Cat6),IL,IL
867725,37,285546,Product B, $	10.00 ,36,DS0,IL,IL
867725,37,285547,Product B, $	50.00 ,36,FE (Cat6),IL,IL
867725,37,285509,Product B, $	50.00 ,36,FE (Cat6),IL,IL
867725,37,285507,Product B, $	150.00 ,36,Fiber Pair,IL,IL
867725,37,285534,Product B, $	50.00 ,36,FE (Cat6),IL,IL
867725,37,285535,Product B, $	150.00 ,36,Fiber Pair,IL,IL
867725,37,285519,Product B, $	150.00 ,36,Fiber Pair,IL,IL
867725,37,285520,Product B, $	10.00 ,36,DS0,IL,IL
867725,37,285521,Product B, $	10.00 ,36,DS0,IL,IL
867725,37,285510,Product B, $	150.00 ,36,Fiber Pair,IL,IL
867725,37,285511,Product B, $	50.00 ,36,FE (Cat5),IL,IL
867725,37,283182,Product B," $	66,731.90 ",36,N/A,IL,
867725,37,296205,Product B, $	50.00 ,36,FE (Cat6),IL,IL
867725,37,296206,Product B, $	50.00 ,36,FE (Cat5),IL,IL
867725,37,296207,Product B, $	50.00 ,36,FE (Cat6),IL,IL
867725,37,296204,Product B, $	150.00 ,36,Fiber Pair,IL,IL
867725,37,296203,Product B, $	10.00 ,36,DS0,IL,IL
867725,37,296202,Product B, $	10.00 ,36,DS0,IL,IL
867725,37,296201,Product B, $	10.00 ,36,DS0,IL,IL
867725,37,295522,Product B, $	-00 ,60,Fiber Pair,IL,IL
867725,37,295521,Product B, $	-00 ,60,Fiber Pair,IL,IL
760718,15,248291,Other," $	2,446.80 ",12,2G,CA,
760718,15,261231,Product B, $	457.34 ,28,N/A,IL,
760718,15,261221,Other," $	2,446.80 ",12,2G,,
760718,15,261804,Product B, $	304.89 ,12,Fiber Pair,IL,IL
760718,15,262082,Product B, $	508.15 ,12,N/A,IL,
760718,15,259620,Product B, $	-00 ,28,Fiber Pair,IL,IL
760718,15,259123,Product B," $	26,661.96 ",28,N/A,IL,
760718,15,267212,Product B, $	508.15 ,12,N/A,IL,
760718,15,292095,Product B," $	6,865.58 ",24,N/A,IL,
760718,15,291977,Product B, $	-00 ,24,Bulk Fiber,IL,IL
760718,15,291989,Product D," $	3,695.20 ",12,10G,NV,
760718,15,302674,Product B, $	304.89 ,12,10Mb,NV,
760718,15,297882,Product B, $	228.67 ,12,Fiber Pair,NV,NV
760718,15,282579,Product B, $	824.73 ,12,Fiber Pair,NV,NV
760718,15,280855,Product B, $	-00 ,24,Bulk Fiber,NV,NV
212246,10,278737,Product E," $	5,538.50 ",24,10G,,
212246,10,226479,Other," $	1,812.60 ",12,200Mb,IL,
212246,10,220042,Product E," $	8,084.20 ",24,10G,IL,TX
212246,10,219661,Product E," $	2,575.91 ",1,1G,NJ,TX
212246,10,246376,Other," $	5,035.00 ",24,1000Mb,IL,
212246,10,247404,Other," $	3,650.38 ",24,1G,TX,
212246,10,230312,Product D," $	2,361.42 ",24,1G,,
212246,10,248398,Product D," $	3,272.76 ",24,1G,IL,
212246,10,292750,Product E," $	4,909.13 ",24,1G,AZ,
212246,10,293072,Product E," $	65,455.00 ",24,40G,,
812744,4,275823,Product E," $	2,036.57 ",48,1G,IL,IL
812744,4,250019,Product E," $	55,063.52 ",60,1G,IL,IL
812744,4,249891,Product E," $	1,780.65 ",60,1G,IL,IL
812744,4,249102,Product E," $	1,802.32 ",60,1G,IL,IL
367495,3,246552,Product B," $	47,380.00 ",36,N/A,AZ,
367495,3,246553,Product B," $	99,498.00 ",36,N/A,AZ,
367495,3,288995,Product B, $	745.83 ,60,N/A,AZ,
435349,48,232290,Product F," $	1,450.00 ",6,N/A,MD,DC
435349,48,232278,Product F," $	1,450.00 ",6,N/A,MD,DC
435349,48,232279,Product F," $	1,450.00 ",6,N/A,MD,DC
435349,48,232281,Product F," $	1,450.00 ",6,N/A,MD,DC
435349,48,232282,Product F," $	2,870.00 ",6,N/A,MD,DC
435349,48,232283,Product F," $	2,870.00 ",6,N/A,MD,DC
435349,48,232284,Product F," $	1,400.00 ",6,N/A,MD,DC
435349,48,232286,Product F," $	1,450.00 ",6,N/A,MD,DC
435349,48,232291,Product F," $	2,160.00 ",6,N/A,MD,DC
435349,48,232288,Product F," $	1,450.00 ",6,N/A,MD,DC
435349,48,232292,Product F," $	1,450.00 ",6,N/A,MD,DC
435349,48,232289,Product F," $	9,060.00 ",6,N/A,VA,DC
435349,48,232305,Product F," $	5,590.00 ",12,N/A,MD,DC
435349,48,232304,Product F," $	2,870.00 ",12,N/A,MD,DC
435349,48,232306,Product F," $	2,160.00 ",12,N/A,MD,DC
435349,48,232308,Product F," $	2,870.00 ",12,N/A,MD,DC
435349,48,232309,Product F," $	2,160.00 ",12,N/A,MD,DC
435349,48,232280,Product F," $	2,870.00 ",6,N/A,MD,DC
435349,48,232249,Product F," $	1,450.00 ",12,N/A,MD,DC
435349,48,232264,Product F," $	2,870.00 ",12,N/A,MD,DC
435349,48,232285,Product F," $	1,450.00 ",6,N/A,MD,DC
435349,48,232243,Product F," $	1,450.00 ",12,N/A,MD,DC
435349,48,232252,Product F," $	1,450.00 ",12,N/A,MD,DC
435349,48,232244,Product F," $	1,450.00 ",12,N/A,MD,DC
435349,48,232241,Product F," $	1,450.00 ",12,N/A,MD,DC
435349,48,232250,Product F," $	1,450.00 ",12,N/A,MD,DC
435349,48,232251,Product F," $	1,450.00 ",12,N/A,MD,DC
435349,48,232247,Product F," $	1,450.00 ",12,N/A,MD,DC
435349,48,232255,Product F," $	1,450.00 ",12,N/A,MD,DC
435349,48,232254,Product F," $	1,450.00 ",12,N/A,MD,DC
435349,48,232248,Product F," $	1,450.00 ",12,N/A,MD,DC
435349,48,232261,Product F," $	1,450.00 ",12,N/A,MD,DC
435349,48,232257,Product F," $	1,450.00 ",12,N/A,MD,DC
435349,48,232262,Product F," $	11,480.00 ",12,N/A,MD,DC
435349,48,232258,Product F," $	8,610.00 ",12,N/A,MD,DC
435349,48,232263,Product F," $	5,740.00 ",12,N/A,MD,DC
435349,48,232271,Product F," $	2,870.00 ",12,N/A,MD,DC
435349,48,232259,Product F," $	1,450.00 ",12,N/A,MD,DC
435349,48,232260,Product F," $	1,450.00 ",12,N/A,MD,DC
435349,48,232266,Product F," $	1,450.00 ",12,N/A,MD,DC
435349,48,232268,Product F," $	1,450.00 ",12,N/A,MD,DC
435349,48,232274,Product F," $	12,500.00 ",6,N/A,MD,DC
435349,48,232269,Product F," $	1,450.00 ",12,N/A,MD,DC
435349,48,232270,Product F," $	2,870.00 ",12,N/A,MD,DC
435349,48,232275,Product F," $	2,870.00 ",6,N/A,MD,DC
435349,48,232277,Product F," $	1,450.00 ",6,N/A,MD,DC
435349,48,232273,Product F," $	9,060.00 ",6,N/A,MD,DC
435349,48,232376,Product F," $	1,450.00 ",12,N/A,MD,DC
908110,14,204482,Product F, $	800.00 ,12,N/A,AZ,
908110,14,203529,Product F," $	5,819.00 ",12,N/A,AZ,
908110,14,231925,Product D," $	4,587.75 ",36,1G,AZ,
908110,14,231750,Product D," $	4,587.75 ",36,1G,AZ,
908110,14,301097,Product E," $	5,631.55 ",12,10G,IL,
908110,14,301098,Product E," $	6,753.00 ",12,10G,IL,
908110,14,289317,Product D," $	1,784.14 ",36,10G,,
908110,14,289316,Product D," $	1,784.14 ",36,10G,,
908110,14,289299,Product D," $	1,784.14 ",36,10G,,
908110,14,289313,Product D," $	1,784.14 ",36,10G,,
908110,14,297878,Product D," $	1,784.14 ",36,10G,,
908110,14,297877,Product D," $	1,784.14 ",36,10G,,
908110,14,297879,Product D," $	1,784.14 ",36,10G,,
908110,14,297880,Product D," $	1,784.14 ",36,10G,,
837905,7,132041,Product F," $	8,000.00 ",180,N/A,AZ,
837905,7,221344,Other," $	4,305.93 ",24,2G,VA,
837905,7,214342,Product F," $	4,759.75 ",60,N/A,GA,
837905,7,253013,Product E," $	3,864.89 ",36,10G,VA,AZ
837905,7,267712,Product F," $	1,262.20 ",36,N/A,AZ,
837905,7,281985,Product F," $	4,232.00 ",9,N/A,WA,
837905,7,296013,Product E," $	4,521.81 ",12,10G,AZ,
869023,65,259042,Product D," $	1,530.64 ",36,50Mb,,
869023,65,259134,Product A, $	305.52 ,12,DS3,GA,GA
869023,65,250514,Product A, $	-00 ,36,OC12,PA,PA
869023,65,250647,Product A, $	389.25 ,36,DS3,PA,MD
869023,65,251546,Product A, $	389.25 ,36,DS3,PA,MD
869023,65,249701,Product B, $	300.00 ,12,Fiber Pair,PA,PA
869023,65,249703,Product B, $	300.00 ,12,Fiber Pair,PA,PA
869023,65,247744,Product B, $	762.22 ,12,Fiber Pair,PA,PA
869023,65,248884,Product B, $	762.22 ,12,Fiber Pair,PA,PA
869023,65,230072,Product A," $	1,813.51 ",24,OC3,IN,IN
869023,65,230843,Product B," $	1,200.00 ",48,Fiber Pair,NY,NY
869023,65,246987,Product D," $	1,485.72 ",1,10Mb,FL,
869023,65,245623,Product B, $	722.85 ,36,NULL,PA,
869023,65,245625,Product B, $	-00 ,36,Bulk Fiber,PA,PA
869023,65,50352,Other, $	243.69 ,1,DS3,,
869023,65,50382,Other, $	762.22 ,12,DS3,,
869023,65,50103,Other, $	243.69 ,1,DS3,,
869023,65,50149,Other, $	254.07 ,12,DS3,,
869023,65,50199,Other, $	243.69 ,1,DS3,,
869023,65,50245,Other, $	239.17 ,12,DS3,,
869023,65,50016,Other," $	2,188.49 ",1,OC12,,
869023,65,49917,Other, $	364.95 ,1,E1,,
869023,65,49966,Other, $	364.95 ,1,E1,,
869023,65,49875,Other, $	364.95 ,1,E1,,
869023,65,64834,Other, $	-00 ,12,Bulk Fiber,,
869023,65,178519,Product A, $	673.47 ,1,DS3,NY,NY
869023,65,49123,Other, $	965.48 ,12,DS3,,
869023,65,49111,Other, $	-00 ,1,N/A,,
869023,65,49092,Other, $	-00 ,1,NULL,,
869023,65,49154,Other, $	-00 ,1,OC48,,
869023,65,49044,Other, $	-00 ,1,OC48,,
869023,65,49061,Other," $	1,794.32 ",1,DS3,,
869023,65,49248,Other," $	1,794.32 ",1,DS3,,
869023,65,49195,Other, $	-00 ,12,Fiber Pair,,
869023,65,17615,Other," $	1,458.59 ",1,OC3,,
869023,65,17614,Other," $	1,458.59 ",1,OC3,,
869023,65,218488,Product A, $	-00 ,36,OC12,TN,TN
869023,65,272465,Product D, $	887.82 ,24,100Mb,,
869023,65,272494,Product B," $	1,678.61 ",12,Fiber Pair,PA,PA
869023,65,257857,Product A, $	305.52 ,12,DS3,NY,NY
869023,65,257867,Product A, $	-00 ,12,OC12,NY,NY
869023,65,257868,Product A, $	-00 ,12,OC12,GA,GA
869023,65,267043,Product D," $	1,185.84 ",36,1G,,
869023,65,271470,Product D, $	300.89 ,36,1G,,
869023,65,271307,Product B," $	1,678.61 ",12,Fiber Pair,PA,PA
869023,65,275309,Product B, $	325.00 ,12,Fiber Pair,PA,PA
869023,65,275376,Product B, $	325.00 ,12,Fiber Pair,PA,PA
869023,65,290938,Product E," $	2,386.52 ",36,10G,CO,
869023,65,300816,Product D, $	785.76 ,12,100Mb,CA,
869023,65,289972,Product E," $	10,925.95 ",60,10G,,
869023,65,291329,Product D, $	574.16 ,60,150Mb,OR,
869023,65,300561,Product D, $	13.89 ,36,1G,CO,
869023,65,301138,Product F," $	6,177.05 ",120,N/A,NY,
869023,65,301137,Product F," $	6,177.05 ",120,N/A,NY,
869023,65,292520,Product D, $	41.67 ,12,1G,CA,
869023,65,301983,Product D, $	734.41 ,36,300Mb,TX,
869023,65,301971,Product D, $	532.80 ,24,50Mb,CA,
869023,65,293555,Product D, $	922.88 ,36,200Mb,CA,
869023,65,287794,Product D," $	1,020.88 ",36,10Mb,IL,
869023,65,287792,Product F," $	2,144.10 ",120,N/A,VA,
869023,65,287806,Product D, $	13.89 ,36,1G,TX,
869023,65,287453,Product D," $	1,413.13 ",12,1G,CO,
869023,65,289077,Product D," $	1,267.96 ",12,500Mb,TX,
869023,65,277678,Product D," $	1,285.52 ",36,1G,,
869023,65,296146,Product B, $	75.00 ,12,DS1,PA,PA
883473,156,55747,Product D," $	4,319.02 ",36,1000Mb,,
883473,156,213558,Product D," $	1,614.64 ",56,1G,PA,PA
883473,156,213559,Product D," $	1,614.64 ",56,1G,PA,PA
883473,156,218972,Product D," $	1,835.10 ",48,600Mb,PA,
883473,156,208352,Product F," $	21,160.00 ",60,N/A,PA,
883473,156,208417,Product D," $	1,160.68 ",60,1000Mb,PA,PA
883473,156,208346,Product D," $	2,995.82 ",46,1000Mb,PA,PA
883473,156,208320,Product A," $	2,366.26 ",60,OC48,PA,PA
883473,156,208319,Product A," $	2,366.26 ",60,OC48,PA,PA
883473,156,208321,Product A," $	2,750.61 ",60,10G,PA,PA
883473,156,208332,Product D, $	994.01 ,60,1000Mb,PA,PA
883473,156,208334,Product D, $	994.01 ,60,1000Mb,PA,PA
883473,156,208335,Product D, $	994.01 ,60,1000Mb,PA,PA
883473,156,208322,Product A," $	4,732.52 ",60,OC48,PA,PA
883473,156,208323,Product A," $	2,366.26 ",60,OC48,PA,PA
883473,156,208324,Product A," $	5,501.22 ",60,10G,PA,PA
883473,156,208325,Product A," $	2,750.61 ",60,10G,PA,PA
883473,156,208329,Product D," $	1,299.87 ",60,1G,PA,PA
883473,156,208326,Product A, $	-00 ,60,OC48,PA,PA
883473,156,208328,Product D," $	1,299.87 ",60,1G,PA,PA
883473,156,208333,Product D, $	994.01 ,60,1000Mb,PA,PA
883473,156,208330,Product D," $	1,299.87 ",60,1G,PA,PA
883473,156,208331,Product D," $	1,299.87 ",60,1G,PA,PA
883473,156,208744,Product A, $	61.17 ,60,DS1,PA,PA
883473,156,208797,Product A, $	61.17 ,60,DS1,PA,PA
883473,156,208736,Product A, $	61.17 ,60,DS1,PA,PA
883473,156,208763,Product A, $	61.17 ,60,DS1,PA,PA
883473,156,208741,Product A, $	61.17 ,60,DS1,PA,PA
883473,156,208723,Product A, $	61.17 ,60,DS1,PA,PA
883473,156,208773,Product A, $	61.17 ,60,DS1,PA,PA
883473,156,208725,Product A, $	61.17 ,60,DS1,PA,PA
883473,156,208742,Product A, $	61.17 ,60,DS1,PA,PA
883473,156,208724,Product A, $	61.17 ,60,DS1,PA,PA
883473,156,208728,Product A, $	61.17 ,60,DS1,PA,PA
883473,156,208726,Product A, $	61.17 ,60,DS1,PA,PA
883473,156,208729,Product A, $	61.17 ,60,DS1,PA,PA
883473,156,208727,Product A, $	61.17 ,60,DS1,PA,PA
883473,156,208735,Product A, $	61.17 ,60,DS1,PA,PA
883473,156,208730,Product A, $	61.17 ,60,DS1,PA,PA
883473,156,208731,Product A, $	61.17 ,60,DS1,PA,PA
883473,156,208732,Product A, $	61.17 ,60,DS1,PA,PA
883473,156,208753,Product A, $	61.17 ,60,DS1,PA,PA
883473,156,208733,Product A, $	61.17 ,60,DS1,PA,PA
883473,156,208778,Product A, $	61.17 ,60,DS1,PA,PA
883473,156,208754,Product A, $	61.17 ,60,DS1,PA,PA
883473,156,208734,Product A, $	61.17 ,60,DS1,PA,PA
883473,156,208737,Product A, $	61.17 ,60,DS1,PA,PA
883473,156,208764,Product A, $	61.17 ,60,DS1,PA,PA
883473,156,208738,Product A, $	61.17 ,60,DS1,PA,PA
883473,156,208739,Product A, $	61.17 ,60,DS1,PA,PA
883473,156,208740,Product A, $	61.17 ,60,DS1,PA,PA
883473,156,208745,Product A, $	61.17 ,60,DS1,PA,PA
883473,156,208743,Product A, $	61.17 ,60,DS1,PA,PA
883473,156,208761,Product A, $	61.17 ,60,DS1,PA,PA
883473,156,208746,Product A, $	61.17 ,60,DS1,PA,PA
883473,156,208747,Product A, $	61.17 ,60,DS1,PA,PA
883473,156,208748,Product A, $	61.17 ,60,DS1,PA,PA
883473,156,208750,Product A, $	61.17 ,60,DS1,PA,PA
883473,156,208756,Product A, $	61.17 ,60,DS1,PA,PA
883473,156,208749,Product A, $	61.17 ,60,DS1,PA,PA
883473,156,208832,Product A, $	61.17 ,60,DS1,PA,PA
883473,156,208751,Product A, $	61.17 ,60,DS1,PA,PA
883473,156,208758,Product A, $	61.17 ,60,DS1,PA,PA
883473,156,208752,Product A, $	61.17 ,60,DS1,PA,PA
883473,156,208759,Product A, $	61.17 ,60,DS1,PA,PA
883473,156,208779,Product A, $	61.17 ,60,DS1,PA,PA
883473,156,208755,Product A, $	61.17 ,60,DS1,PA,PA
883473,156,208760,Product A, $	61.17 ,60,DS1,PA,PA
883473,156,208765,Product A, $	61.17 ,60,DS1,PA,PA
883473,156,208766,Product A, $	61.17 ,60,DS1,PA,PA
883473,156,208762,Product A, $	61.17 ,60,DS1,PA,PA
883473,156,208757,Product A, $	61.17 ,60,DS1,PA,PA
883473,156,208768,Product A, $	61.17 ,60,DS1,PA,PA
883473,156,208769,Product A, $	61.17 ,60,DS1,PA,PA
883473,156,208770,Product A, $	61.17 ,60,DS1,PA,PA
883473,156,208771,Product A, $	61.17 ,60,DS1,PA,PA
883473,156,208767,Product A, $	61.17 ,60,DS1,PA,PA
883473,156,208772,Product A, $	61.17 ,60,DS1,PA,PA
883473,156,208775,Product A, $	61.17 ,60,DS1,PA,PA
883473,156,208774,Product A, $	61.17 ,60,DS1,PA,PA
883473,156,208776,Product A, $	61.17 ,60,DS1,PA,PA
883473,156,208777,Product A, $	61.17 ,60,DS1,PA,PA
883473,156,208791,Product A, $	61.17 ,60,DS1,PA,PA
883473,156,208780,Product A, $	61.17 ,60,DS1,PA,PA
883473,156,208784,Product A, $	61.17 ,60,DS1,PA,PA
883473,156,208781,Product A, $	61.17 ,60,DS1,PA,PA
883473,156,208782,Product A, $	61.17 ,60,DS1,PA,PA
883473,156,208783,Product A, $	61.17 ,60,DS1,PA,PA
883473,156,208785,Product A, $	61.17 ,60,DS1,PA,PA
883473,156,208786,Product A, $	61.17 ,60,DS1,PA,PA
883473,156,208802,Product A, $	61.17 ,60,DS1,PA,PA
883473,156,208787,Product A, $	61.17 ,60,DS1,PA,PA
883473,156,208799,Product A, $	61.17 ,60,DS1,PA,PA
883473,156,208792,Product A, $	61.17 ,60,DS1,PA,PA
883473,156,208828,Product A, $	61.17 ,60,DS1,PA,PA
883473,156,208788,Product A, $	61.17 ,60,DS1,PA,PA
883473,156,208793,Product A, $	61.17 ,60,DS1,PA,PA
883473,156,208789,Product A, $	61.17 ,60,DS1,PA,PA
883473,156,208794,Product A, $	61.17 ,60,DS1,PA,PA
883473,156,208790,Product A, $	61.17 ,60,DS1,PA,PA
883473,156,208795,Product A, $	61.17 ,60,DS1,PA,PA
883473,156,208796,Product A, $	61.17 ,60,DS1,PA,PA
883473,156,208805,Product A, $	61.17 ,60,DS1,PA,PA
883473,156,208798,Product A, $	61.17 ,60,DS1,PA,PA
883473,156,208800,Product A, $	61.17 ,60,DS1,PA,PA
883473,156,208801,Product A, $	61.17 ,60,DS1,PA,PA
883473,156,208803,Product A, $	61.17 ,60,DS1,PA,PA
883473,156,208807,Product A, $	61.17 ,60,DS1,PA,PA
883473,156,208804,Product A, $	61.17 ,60,DS1,PA,PA
883473,156,208815,Product A, $	61.17 ,60,DS1,PA,PA
883473,156,208808,Product A, $	61.17 ,60,DS1,PA,PA
883473,156,208809,Product A, $	61.17 ,60,DS1,PA,PA
883473,156,208810,Product A, $	61.17 ,60,DS1,PA,PA
883473,156,208806,Product A, $	61.17 ,60,DS1,PA,PA
883473,156,208811,Product A, $	61.17 ,60,DS1,PA,PA
883473,156,208816,Product A, $	61.17 ,60,DS1,PA,PA
883473,156,208812,Product A, $	61.17 ,60,DS1,PA,PA
883473,156,208817,Product A, $	61.17 ,60,DS1,PA,PA
883473,156,208818,Product A, $	61.17 ,60,DS1,PA,PA
883473,156,208813,Product A, $	61.17 ,60,DS1,PA,PA
883473,156,208819,Product A, $	61.17 ,60,DS1,PA,PA
883473,156,208820,Product A, $	61.17 ,60,DS1,PA,PA
883473,156,208824,Product A, $	61.17 ,60,DS1,PA,PA
883473,156,208827,Product A, $	61.17 ,60,DS1,PA,PA
883473,156,208821,Product A, $	61.17 ,60,DS1,PA,PA
883473,156,208829,Product A, $	61.17 ,60,DS1,PA,PA
883473,156,208822,Product A, $	61.17 ,60,DS1,PA,PA
883473,156,208823,Product A, $	61.17 ,60,DS1,PA,PA
883473,156,208831,Product A, $	61.17 ,60,DS1,PA,PA
883473,156,208830,Product A, $	61.17 ,60,DS1,PA,PA
883473,156,208825,Product A, $	61.17 ,60,DS1,PA,PA
883473,156,208826,Product A, $	61.17 ,60,DS1,PA,PA
883473,156,208833,Product A, $	61.17 ,60,DS1,PA,PA
883473,156,208834,Product A, $	61.17 ,60,DS1,PA,PA
883473,156,208835,Product A, $	61.17 ,60,DS1,PA,PA
883473,156,208836,Product A, $	61.17 ,60,DS1,PA,PA
883473,156,208837,Product A, $	61.17 ,60,DS1,PA,PA
883473,156,208677,Product A, $	229.39 ,60,OC3,PA,PA
883473,156,208849,Product A, $	61.17 ,60,DS1,PA,PA
883473,156,212453,Product D," $	1,756.09 ",12,100Mb,PA,PA
883473,156,211879,Product D," $	1,756.10 ",12,100Mb,PA,PA
883473,156,233028,Product A, $	73.40 ,46,DS1,PA,PA
883473,156,233029,Product A, $	73.40 ,46,DS1,PA,PA
883473,156,232983,Product A, $	73.40 ,46,DS1,PA,PA
883473,156,232984,Product A, $	73.40 ,46,DS1,PA,PA
883473,156,218979,Product D," $	1,835.10 ",48,600Mb,PA,
883473,156,238234,Product D," $	2,005.36 ",36,1000Mb,PA,
883473,156,238331,Product D," $	2,005.36 ",36,1000Mb,PA,
883473,156,236671,Product D," $	3,049.31 ",46,1G,PA,
883473,156,243366,Other," $	2,033.91 ",36,500Mb,PA,
883473,156,243367,Other," $	2,344.85 ",24,300Mb,PA,
883473,156,243304,Product E," $	4,639.83 ",48,10G,PA,PA
883473,156,276717,Product D, $	815.60 ,24,10Mb,,
883473,156,277633,Product D," $	2,650.70 ",36,1G,,
883473,156,277634,Product D," $	2,650.70 ",36,1G,,
883473,156,280677,Product D," $	6,117.00 ",36,1G,,
522147,19,225246,Product F," $	2,498.40 ",60,N/A,NY,
522147,19,225332,Product F," $	2,498.40 ",60,N/A,NY,
522147,19,219755,Product E, $	-00 ,60,1G,GA,FL
522147,19,219713,Product E," $	4,455.98 ",60,10G,NY,VA
522147,19,211606,Product E," $	24,019.42 ",60,2.5G,CO,CA
522147,19,211289,Product A," $	3,925.07 ",12,OC3,WY,CO
522147,19,211295,Product A," $	5,814.57 ",12,OC3,WY,CO
522147,19,54041,Other," $	1,835.10 ",36,OC3,,
522147,19,54042,Other, $	-00 ,12,DS3,,
522147,19,54043,Other, $	-00 ,12,DS3,,
522147,19,85840,Other, $	-00 ,12,DS3,,
522147,19,47681,Other, $	917.55 ,36,STM1,,
522147,19,47717,Other," $	1,529.25 ",12,DS3,,
522147,19,47421,Other, $	908.38 ,36,DS3,,
522147,19,248295,Product E," $	4,485.80 ",36,1G,DC,VA
522147,19,249811,Product B," $	2,994.38 ",36,N/A,DC,
522147,19,251342,Product B, $	-00 ,36,Bulk Fiber,DC,DC
522147,19,256974,Product A, $	313.04 ,3,DS1,CA,CA
522147,19,261300,Product B, $	152.45 ,12,FE (Cat5),DC,DC
441630,20,226903,Product B, $	-00 ,60,NULL,CA,
441630,20,226899,Product B, $	-00 ,60,NULL,CA,
441630,20,226901,Product B, $	-00 ,1,NULL,CA,
441630,20,224119,Product F," $	6,112.73 ",60,N/A,,
441630,20,223953,Product F," $	8,168.00 ",60,N/A,,
441630,20,224148,Product F," $	10,642.39 ",60,N/A,,
441630,20,224173,Product F," $	2,858.80 ",60,N/A,,
441630,20,224170,Product F," $	5,533.82 ",60,N/A,,
441630,20,224167,Product F," $	3,063.00 ",60,N/A,,
441630,20,224191,Product F, $	-00 ,60,N/A,,
441630,20,224176,Product F," $	1,837.80 ",56,N/A,GA,
441630,20,224162,Product F," $	2,655.61 ",67,N/A,AZ,
441630,20,224188,Product F," $	2,668.23 ",60,N/A,AZ,
441630,20,224178,Product F," $	6,500.71 ",60,N/A,,
441630,20,223931,Product F," $	2,654.60 ",60,N/A,NY,
441630,20,47507,Other," $	1,016.30 ",1,Fiber Pair,,
441630,20,132829,Product F, $	529.00 ,118,NA,AZ,
441630,20,230906,Product B," $	1,000.00 ",1,N/A,IL,IL
441630,20,271897,Product F," $	5,862.53 ",60,N/A,,
441630,20,301498,Product F," $	7,249.10 ",36,N/A,AZ,
865931,136,157099,Product B, $	304.89 ,1,DS3 (Coax),NY,NY
865931,136,149595,Product B," $	1,016.30 ",12,Fiber Pair,NY,NY
865931,136,205729,Product B, $	-00 ,12,Fiber Pair,NY,NY
865931,136,205714,Product B, $	813.04 ,12,Fiber Pair,NY,NY
865931,136,205817,Product B, $	813.04 ,12,Fiber Pair,NY,NY
865931,136,206644,Product B," $	3,790.80 ",1,N/A,NY,
865931,136,205591,Product B, $	762.23 ,21,Bulk Fiber,NY,NY
865931,136,205592,Product B, $	762.23 ,21,Bulk Fiber,NY,NY
865931,136,50458,Other, $	203.26 ,1,DS1,,
865931,136,50490,Other," $	1,016.30 ",1,OC3,,
865931,136,50858,Other, $	762.23 ,1,Fiber Pair,,
865931,136,50835,Other," $	1,793.77 ",24,N/A,,
865931,136,50863,Other, $	813.04 ,12,Fiber Pair,,
865931,136,50976,Other, $	228.67 ,22,FE (Cat5),,
865931,136,50956,Other, $	901.24 ,1,10Mb,,
865931,136,50917,Other," $	1,016.30 ",1,Fiber Pair,,
865931,136,50910,Other," $	1,914.04 ",12,DS3,,
865931,136,51306,Other, $	304.89 ,1,DS3 (Coax),,
865931,136,51017,Other, $	611.70 ,12,DS1,,
865931,136,50997,Other, $	509.74 ,24,100Mb,,
865931,136,51026,Other, $	611.70 ,12,DS1,,
865931,136,50035,Other," $	1,016.30 ",1,Fiber Pair,,
865931,136,50155,Other," $	1,626.08 ",1,STM4,,
865931,136,48458,Other," $	1,837.14 ",12,STM1,,
865931,136,48486,Other, $	304.89 ,1,DS3,,
865931,136,49901,Other," $	1,016.30 ",1,Fiber Pair,,
865931,136,48381,Other, $	228.67 ,22,DS3 (Coax),,
865931,136,48191,Other, $	-00 ,22,Bulk Fiber,,
865931,136,48265,Other," $	3,018.41 ",24,N/A,,
865931,136,50625,Other, $	201.34 ,12,DS1,,
865931,136,49863,Other," $	1,524.45 ",1,Fiber Pair,,
865931,136,48349,Other, $	304.89 ,22,Bulk Fiber,,
865931,136,48308,Other," $	3,257.24 ",24,N/A,,
865931,136,62996,Other, $	259.96 ,1,DS3,,
865931,136,64947,Other, $	-00 ,1,DS3 (Coax),,
865931,136,64894,Other, $	-00 ,21,Bulk Fiber,,
865931,136,76483,Other, $	355.71 ,1,Fiber Pair,,
865931,136,74921,Other, $	355.71 ,1,Fiber Pair,,
865931,136,74924,Other, $	355.71 ,1,Fiber Pair,,
865931,136,74919,Other, $	355.71 ,1,Fiber Pair,,
865931,136,74920,Other, $	355.71 ,1,Fiber Pair,,
865931,136,74922,Other, $	355.71 ,1,Fiber Pair,,
865931,136,83815,Other, $	304.89 ,22,Bulk Fiber,,
865931,136,83265,Other, $	304.89 ,22,Bulk Fiber,,
865931,136,94775,Other, $	355.71 ,1,Fiber Pair,,
865931,136,49155,Other," $	2,032.60 ",24,N/A,,
865931,136,49476,Other, $	355.71 ,1,Fiber Pair,,
865931,136,49388,Other, $	203.26 ,1,FE (Cat5),,
865931,136,49451,Other, $	355.71 ,1,Fiber Pair,,
865931,136,48678,Other," $	1,016.30 ",1,Fiber Pair,,
865931,136,48929,Other," $	56,421.90 ",36,N/A,,
865931,136,48890,Other, $	-00 ,22,FE (Cat5),,
865931,136,212500,Product B," $	1,016.30 ",1,Fiber Pair,NY,NY
865931,136,208716,Product B, $	-00 ,21,DS1,NY,NY
865931,136,208715,Product B, $	-00 ,21,DS3 (Coax),NY,NY
865931,136,208360,Product B," $	1,740.84 ",22,N/A,NY,
865931,136,208365,Product B, $	-00 ,21,Fiber Pair,NY,NY
865931,136,208881,Product B, $	467.50 ,12,NULL,NJ,
865931,136,209109,Product B, $	101.63 ,1,E1,NY,NY
865931,136,213273,Product B," $	1,016.30 ",1,DS3 (Coax),NY,NY
865931,136,217442,Product B, $	71.30 ,27,Fiber Pair,NY,NY
865931,136,214465,Product B, $	355.71 ,1,Fiber Pair,NY,NY
865931,136,217739,Product B," $	1,016.30 ",1,Fiber Pair,NY,NY
865931,136,217740,Product B," $	1,016.30 ",1,Fiber Pair,NY,NY
865931,136,217377,Product B," $	1,016.30 ",21,Bulk Fiber,NY,NY
865931,136,217381,Product B, $	71.30 ,27,Fiber Pair,NY,NY
865931,136,217438,Product B," $	1,016.30 ",21,Bulk Fiber,NY,NY
865931,136,228752,Product F, $	618.80 ,36,N/A,,
865931,136,232861,Product B, $	41.67 ,12,Fiber Pair,,
865931,136,222194,Product D," $	2,098.64 ",1,500Mb,CA,
865931,136,244321,Product B, $	355.71 ,1,Fiber Pair,NY,NY
865931,136,247607,Product B," $	1,016.30 ",1,Fiber Pair,NY,NY
865931,136,245160,Product B," $	1,016.30 ",1,Fiber Pair,NY,NY
865931,136,241557,Product B, $	203.26 ,1,DS1,NY,NY
865931,136,245117,Product B," $	1,016.30 ",1,Fiber Pair,NY,NY
865931,136,229433,Product E," $	2,548.75 ",12,10G,CA,CA
865931,136,238541,Product B, $	355.71 ,1,Fiber Pair,NY,NY
865931,136,239447,Product F," $	4,602.30 ",12,N/A,NJ,
865931,136,239570,Product B, $	110.45 ,1,DS1,NY,NY
865931,136,239557,Product B, $	177.85 ,1,DS1,NY,NY
865931,136,239564,Product B, $	110.45 ,1,DS1,NY,NY
865931,136,239562,Product B, $	110.45 ,1,DS1,NY,NY
865931,136,239639,Product B, $	355.71 ,1,Fiber Pair,NY,NY
865931,136,239274,Product B, $	203.26 ,1,DS1,NY,NY
865931,136,237118,Product B, $	355.71 ,1,Fiber Pair,NY,NY
865931,136,236578,Product B, $	355.71 ,1,Fiber Pair,NY,NY
865931,136,251060,Product B, $	177.85 ,24,5Mb,NJ,
865931,136,251529,Product F, $	618.80 ,36,N/A,,
865931,136,251530,Product F, $	618.80 ,36,N/A,,
865931,136,251548,Product F, $	618.80 ,36,N/A,,
865931,136,251527,Product F, $	618.80 ,36,N/A,,
865931,136,251508,Product F, $	618.80 ,36,N/A,,
865931,136,251511,Product F, $	618.80 ,36,N/A,,
865931,136,251509,Product F, $	618.80 ,36,N/A,,
865931,136,251512,Product F, $	618.80 ,36,N/A,,
865931,136,251510,Product F, $	618.80 ,36,N/A,,
865931,136,248604,Product B, $	762.22 ,22,Bulk Fiber,NJ,NJ
865931,136,248373,Product B, $	177.85 ,12,5Mb,NJ,
865931,136,250079,Product B, $	-00 ,24,FE (Cat5),NY,NY
865931,136,248052,Product B, $	-00 ,12,FE (Cat5),NJ,NJ
865931,136,256786,Product B," $	1,013.53 ",4,Fiber Pair,NY,NY
865931,136,256938,Product B, $	917.75 ,12,Fiber Pair,NY,NY
865931,136,254465,Product B, $	202.44 ,3,FE (Cat5),NY,NY
865931,136,262400,Product B, $	813.04 ,12,Fiber Pair,NY,NY
865931,136,257937,Product B, $	533.56 ,12,Fiber Pair,NJ,NJ
865931,136,271108,Product E," $	1,600.00 ",12,1G,,
865931,136,270432,Product B, $	661.51 ,12,FE (Cat5),NJ,NJ
865931,136,264739,Product F," $	1,200.00 ",12,N/A,,
865931,136,265069,Product F, $	500.00 ,12,N/A,,
865931,136,273206,Product B, $	824.73 ,12,Fiber Pair,NJ,NJ
865931,136,269132,Product D," $	1,151.28 ",36,50Mb,,
865931,136,272316,Product B, $	274.91 ,12,Fiber Pair,NY,NY
865931,136,272360,Product B, $	274.91 ,12,Fiber Pair,NY,NY
865931,136,275259,Product B," $	2,102.66 ",24,N/A,NY,
865931,136,293063,Product B, $	274.91 ,12,Fiber Pair,NY,NY
865931,136,292567,Product B, $	274.91 ,12,Fiber Pair,NY,NY
865931,136,299232,Product B," $	1,517.49 ",12,N/A,NJ,
865931,136,277541,Product B," $	1,617.37 ",22,N/A,NY,
865931,136,277534,Product B," $	1,617.37 ",22,N/A,NY,
865931,136,277536,Product B," $	1,617.37 ",22,N/A,NY,
865931,136,277537,Product B," $	1,617.37 ",22,N/A,NY,
865931,136,277538,Product B," $	1,617.37 ",22,N/A,NY,
865931,136,277539,Product B," $	1,617.37 ",22,N/A,NY,
865931,136,280771,Product B, $	16.67 ,12,Fiber Pair,NY,NY
865931,136,280770,Product B, $	16.67 ,12,Fiber Pair,NY,NY
865931,136,280612,Product B," $	1,618.96 ",12,N/A,NJ,
865931,136,280247,Product B, $	691.08 ,10,Fiber Pair,NJ,NJ
865931,136,280290,Product B, $	16.67 ,12,Fiber Pair,NY,NY
865931,136,280291,Product B, $	16.67 ,12,Fiber Pair,NY,NY
865931,136,280292,Product B, $	16.67 ,12,Fiber Pair,NY,NY
865931,136,280293,Product B, $	16.67 ,12,Fiber Pair,NY,NY
865931,136,280294,Product B, $	16.67 ,12,Fiber Pair,NY,NY
865931,136,279990,Product B, $	-00 ,12,Bulk Fiber,NY,NY
865931,136,281459,Product B, $	-00 ,12,Bulk Fiber,NY,NY
865931,136,281611,Product B, $	16.67 ,12,Fiber Pair,NY,NY
865931,136,296623,Product A, $	305.85 ,12,DS1,NY,NJ
435806,14,194979,Product F," $	5,982.02 ",24,N/A,GA,
435806,14,188147,Product F, $	643.06 ,1,Bulk Fiber,GA,GA
435806,14,219964,Product E," $	2,014.00 ",12,1G,FL,GA
435806,14,223894,Product F," $	6,435.40 ",24,N/A,NJ,
435806,14,226064,Product F," $	12,728.86 ",24,N/A,CA,
435806,14,257134,Product B," $	1,745.72 ",60,N/A,TX,
435806,14,257328,Product B, $	687.50 ,1,Fiber Pair,TX,TX
435806,14,257557,Product B, $	686.25 ,1,Fiber Pair,TX,TX
435806,14,256551,Product F," $	5,840.12 ",60,N/A,TX,
435806,14,293125,Product B, $	756.25 ,12,Fiber Pair,TX,TX
435806,14,297401,Product D," $	1,583.00 ",60,1G,GA,
435806,14,298145,Product D, $	754.24 ,60,200Mb,TX,
435806,14,287228,Product E," $	3,335.18 ",36,10G,,
435806,14,296389,Product D, $	747.20 ,60,200Mb,GA,
404968,49,206495,Product A, $	-00 ,60,DS3,VA,WV
404968,49,206494,Product A, $	-00 ,60,DS3,VA,WV
404968,49,207946,Product A, $	-00 ,60,DS3,VA,WV
404968,49,208010,Product A, $	-00 ,12,DS3,VA,WV
404968,49,208011,Product A, $	-00 ,12,DS3,VA,WV
404968,49,208012,Product A, $	-00 ,12,DS3,VA,WV
404968,49,208013,Product A, $	-00 ,60,DS3,VA,WV
404968,49,208009,Product A, $	-00 ,12,DS3,VA,WV
404968,49,205797,Product A, $	-00 ,60,DS3,VA,WV
404968,49,205796,Product A, $	-00 ,60,DS3,VA,WV
404968,49,205798,Product A, $	-00 ,60,DS3,VA,WV
404968,49,205799,Product A, $	-00 ,60,DS3,VA,WV
404968,49,205800,Product A, $	-00 ,60,DS3,VA,WV
404968,49,205801,Product A, $	-00 ,60,DS3,VA,WV
404968,49,205802,Product A, $	-00 ,60,DS3,VA,WV
404968,49,205803,Product A, $	-00 ,60,DS3,VA,WV
404968,49,205804,Product A, $	-00 ,60,DS3,VA,WV
404968,49,205805,Product A, $	-00 ,60,DS3,VA,WV
404968,49,205806,Product A, $	-00 ,60,DS3,VA,WV
404968,49,205807,Product A, $	-00 ,60,OC3,VA,WV
404968,49,185552,Product A," $	4,531.50 ",60,OC48,VA,WV
404968,49,14947,Other, $	495.00 ,12,N/A,,
404968,49,215577,Product A, $	-00 ,60,DS3,VA,WV
404968,49,214568,Product A, $	-00 ,60,DS3,VA,WV
404968,49,214567,Product A, $	-00 ,60,DS3,VA,WV
404968,49,214569,Product A, $	-00 ,60,DS3,VA,WV
404968,49,217892,Product A, $	-00 ,60,DS3,VA,WV
404968,49,208348,Product A, $	-00 ,60,DS3,VA,WV
404968,49,208844,Product A, $	-00 ,60,DS3,VA,WV
404968,49,208660,Product A, $	-00 ,60,DS3,VA,WV
404968,49,212506,Product A, $	-00 ,60,DS3,VA,WV
404968,49,222360,Product D," $	1,799.50 ",36,1G,TX,
404968,49,242775,Product A, $	-00 ,36,DS3,VA,WV
404968,49,244366,Product F," $	6,050.54 ",60,N/A,CA,
404968,49,234859,Product A, $	-00 ,36,DS3,VA,WV
404968,49,234860,Product A, $	-00 ,36,DS3,VA,WV
404968,49,229289,Product A, $	-00 ,36,OC3,VA,WV
404968,49,234677,Product D," $	4,050.15 ",24,1G,CO,
404968,49,239085,Product E," $	16,413.53 ",60,10G,IN,WV
404968,49,236653,Product A, $	-00 ,36,DS3,VA,WV
404968,49,236765,Product A, $	-00 ,36,DS3,VA,WV
404968,49,251504,Product A," $	14,253.08 ",60,OC192,VA,WV
404968,49,252424,Product E," $	4,062.24 ",60,10G,WV,WV
404968,49,257050,Product A," $	3,021.00 ",60,OC48,VA,WV
404968,49,257096,Product A, $	-00 ,36,DS3,VA,WV
404968,49,257099,Product A, $	-00 ,36,DS3,VA,WV
404968,49,257097,Product A, $	-00 ,36,DS3,VA,WV
404968,49,262389,Product D," $	12,889.60 ",48,4G,,
404968,49,281263,Product D," $	1,133.88 ",60,1G,TX,
746926,105,250366,Product D," $	1,732.04 ",24,1G,CA,
746926,105,249947,Product F, $	572.22 ,36,N/A,NV,NV
746926,105,248407,Product D," $	1,208.40 ",38,1G,NV,
746926,105,248461,Product D," $	1,208.40 ",24,1G,NV,
746926,105,248412,Product D," $	1,862.96 ",12,1G,NV,
746926,105,250527,Product D," $	1,732.04 ",24,1G,CA,
746926,105,251258,Product E," $	2,769.25 ",12,1G,NV,MN
746926,105,251439,Other," $	1,007.00 ",24,1G,NV,
746926,105,251451,Other," $	1,007.00 ",36,1G,NV,
746926,105,248759,Other," $	3,625.20 ",24,1000Mb,NV,
746926,105,252926,Other," $	3,725.90 ",36,3G,CO,
746926,105,252736,Product D," $	1,119.78 ",36,200Mb,OR,
746926,105,252749,Product D," $	1,208.40 ",36,1G,,
746926,105,252808,Other, $	825.25 ,36,100Mb,PA,
746926,105,252818,Other," $	5,880.00 ",36,3G,,
746926,105,254303,Other," $	1,082.52 ",60,100Mb,MN,
746926,105,254305,Other," $	1,082.52 ",60,100Mb,MN,
746926,105,254059,Other," $	1,092.60 ",36,200Mb,CA,
746926,105,261175,Other, $	-00 ,36,1G,NV,
746926,105,261427,Product E," $	2,517.50 ",36,10G,NV,CA
746926,105,261176,Other, $	-00 ,36,1G,NV,
746926,105,261858,Product D," $	1,208.40 ",36,1G,,
746926,105,260458,Product D, $	738.14 ,36,100Mb,,
746926,105,259489,Other," $	2,014.00 ",48,300Mb,DC,
746926,105,231901,Product D," $	4,805.55 ",36,2G,NV,
746926,105,231486,Product E," $	3,323.10 ",36,10G,CA,NV
746926,105,231204,Product E," $	3,172.05 ",38,10G,CA,CA
746926,105,229725,Product D," $	2,497.77 ",36,1000Mb,NV,
746926,105,234159,Product D," $	1,079.66 ",36,50Mb,NV,
746926,105,250451,Product E," $	2,517.50 ",36,10G,CA,NV
746926,105,230040,Product E," $	3,021.00 ",36,10G,NV,CA
746926,105,237798,Product D," $	1,640.40 ",36,1G,NV,
746926,105,238507,Other, $	664.62 ,36,200Mb,NV,
746926,105,242795,Product D," $	1,208.40 ",36,1G,VA,
746926,105,242787,Product D, $	879.12 ,36,50Mb,GA,
746926,105,245415,Product F," $	3,814.10 ",36,N/A,NV,
746926,105,243079,Product D," $	1,208.40 ",36,1G,NV,
746926,105,247315,Product D," $	1,208.40 ",36,1G,NY,
746926,105,246232,Product E," $	4,531.50 ",60,10G,NV,KS
746926,105,246253,Product D," $	2,416.80 ",36,1G,NV,
746926,105,246339,Product D," $	1,309.10 ",24,1G,NV,
746926,105,246230,Product E," $	5,639.20 ",60,10G,NV,RI
746926,105,245192,Product D," $	2,275.82 ",60,1G,NV,
746926,105,245194,Other, $	342.38 ,60,100Mb,CA,
746926,105,244946,Product F," $	4,036.32 ",36,N/A,NV,
746926,105,244553,Product E," $	2,873.98 ",24,10G,CA,NV
746926,105,241700,Product E," $	3,172.05 ",36,10G,NV,CA
746926,105,241701,Other, $	328.28 ,36,20Mb,CO,
746926,105,239038,Product D," $	1,007.00 ",36,1G,CA,
746926,105,238877,Other," $	6,042.00 ",12,6G,NV,
746926,105,240781,Product E," $	2,014.00 ",36,1G,NV,VA
746926,105,240687,Other," $	1,007.00 ",12,1G,NV,
746926,105,241266,Product E," $	2,970.65 ",60,10G,NV,CA
746926,105,241265,Product E," $	3,172.05 ",60,10G,NV,AZ
746926,105,189785,Product F," $	1,968.08 ",240,N/A,NV,
746926,105,189762,Product F, $	95.35 ,240,N/A,NV,
746926,105,196034,Product D," $	3,976.05 ",36,10G,UT,UT
746926,105,217890,Product D," $	1,019.50 ",36,100Mb,NV,NV
746926,105,217703,Other, $	509.75 ,36,500Mb,NV,
746926,105,212952,Product E," $	3,812.93 ",24,10G,NV,CA
746926,105,211475,Product E," $	1,529.25 ",36,10G,NV,CA
746926,105,211476,Product E," $	2,707.82 ",34,10G,CA,NV
746926,105,211473,Product E," $	2,000.00 ",36,10G,NV,CA
746926,105,226993,Product B," $	1,501.17 ",62,NULL,MI,
746926,105,226996,Product B," $	1,501.17 ",62,NULL,MA,
746926,105,226894,Product B," $	1,501.16 ",60,NULL,TN,
746926,105,226895,Product B," $	1,501.17 ",62,NULL,MN,
746926,105,226998,Product B," $	1,501.17 ",61,NULL,FL,
746926,105,226990,Product B," $	1,501.16 ",60,NULL,GA,
746926,105,219847,Product E," $	2,215.40 ",36,1G,NV,CA
746926,105,222151,Other," $	59,715.33 ",65,1Mb,AZ,
746926,105,220029,Product E," $	2,029.11 ",12,1G,CA,NV
746926,105,221613,Other, $	906.30 ,36,100Mb,CA,
746926,105,221611,Other, $	740.15 ,36,50Mb,CA,
746926,105,223570,Product E," $	8,388.31 ",34,10G,CA,VA
746926,105,267063,Other, $	888.93 ,36,100Mb,DC,
746926,105,270761,Product D," $	3,832.17 ",12,5G,,
746926,105,270356,Product E," $	2,097.33 ",36,10G,CA,NV
746926,105,273556,Product E," $	4,684.56 ",36,10G,NV,NV
746926,105,273302,Product E," $	3,382.51 ",36,10G,IN,NV
746926,105,273965,Product E," $	1,510.50 ",24,10G,,
746926,105,273843,Product F," $	1,745.70 ",120,N/A,NV,
746926,105,274028,Product E," $	1,963.65 ",24,10G,NV,CA
746926,105,274027,Product E," $	1,963.65 ",24,10G,NV,CA
746926,105,277996,Product E," $	3,140.83 ",24,10G,,
746926,105,267696,Product E, $	981.83 ,36,1G,NV,CA
746926,105,267697,Product F," $	1,446.29 ",120,N/A,NV,
746926,105,271747,Product E," $	6,326.73 ",36,10G,PA,NV
746926,105,267191,Product E," $	1,823.68 ",36,10G,NV,CA
746926,105,276536,Product E," $	2,814.57 ",12,10G,,
746926,105,275708,Product E," $	2,265.75 ",24,10G,NV,CA
746926,105,275751,Product E," $	3,927.30 ",24,10G,NV,WA
746926,105,275491,Product E," $	2,265.75 ",24,10G,NV,CA
746926,105,281745,Other," $	2,014.00 ",12,1G,NV,
746926,105,280526,Product E," $	2,014.00 ",36,10G,,
746926,105,296726,Product E," $	3,021.00 ",36,10G,NV,
746926,105,298658,Other," $	1,007.00 ",36,1G,NV,
746926,105,290475,Other, $	301.09 ,60,100Mb,NV,
746926,105,298383,Product D," $	1,968.83 ",48,1G,,
746926,105,298384,Product D," $	2,750.59 ",36,1G,MA,
746926,105,288974,Product D," $	1,510.50 ",36,1G,,
746926,105,297396,Other," $	1,812.60 ",48,1G,NV,
746926,105,301868,Product E," $	2,014.00 ",12,10G,NV,
746926,105,302223,Product D," $	1,611.20 ",6,1G,NV,
746926,105,293802,Product E," $	3,826.60 ",36,10G,NV,
890004,75,189750,Product F," $	2,112.00 ",60,N/A,NV,
890004,75,189725,Product F, $	561.28 ,240,N/A,NV,
890004,75,188713,Product A," $	3,765.14 ",36,OC3,NV,NV
890004,75,206861,Product A," $	17,739.30 ",84,OC48,NV,NV
890004,75,224156,Product F," $	13,349.73 ",60,N/A,,
890004,75,224202,Product F," $	5,704.85 ",12,N/A,CA,
890004,75,215979,Product F, $	134.32 ,,N/A,,
890004,75,208297,Product F," $	14,270.31 ",89,N/A,NV,
890004,75,212796,Product F," $	16,932.23 ",89,N/A,NV,
890004,75,237317,Product D," $	1,223.40 ",36,100Mb,AZ,
890004,75,238793,Product D," $	1,084.75 ",36,100Mb,TX,
890004,75,238185,Product D, $	-00 ,36,1G,TX,
890004,75,234236,Product E," $	9,940.13 ",60,2.5G,CA,CA
890004,75,234237,Product E," $	9,940.13 ",60,2.5G,CA,CA
890004,75,234345,Product F," $	2,221.80 ",84,N/A,NV,
890004,75,231919,Product D," $	1,121.46 ",36,1000Mb,NV,
890004,75,231920,Product D," $	1,121.46 ",36,1000Mb,NV,
890004,75,247205,Product D, $	-00 ,1,10Mb,NV,
890004,75,245417,Product F, $	-00 ,240,N/A,NV,
890004,75,243651,Product D, $	-00 ,36,1G,CA,
890004,75,244203,Product E," $	5,607.26 ",89,10G,CA,CA
890004,75,244149,Product F," $	5,619.29 ",89,N/A,NV,
890004,75,260453,Product D, $	-00 ,36,1G,,
890004,75,260656,Product F," $	2,750.80 ",89,N/A,TX,
890004,75,258852,Product F," $	13,297.41 ",89,N/A,CA,
890004,75,254300,Product D, $	-00 ,36,1000Mb,NV,
890004,75,251545,Product E," $	2,446.80 ",36,10G,CA,TX
890004,75,248582,Product F," $	4,689.07 ",89,N/A,CA,
890004,75,248583,Product F," $	7,899.45 ",89,N/A,CA,
890004,75,248358,Product F," $	21,224.05 ",89,N/A,CA,
890004,75,248359,Product F," $	13,696.33 ",89,N/A,CA,
890004,75,249878,Other," $	6,117.00 ",36,10G,TX,
890004,75,278205,Product F," $	28,561.77 ",89,N/A,CA,
890004,75,275173,Product D, $	856.12 ,24,50Mb,,
890004,75,278141,Product F," $	16,960.80 ",89,N/A,CA,
890004,75,271868,Product D, $	748.48 ,36,100Mb,,
890004,75,270841,Product D, $	806.68 ,36,50Mb,,
890004,75,270844,Product F," $	2,488.02 ",89,N/A,TX,
890004,75,270203,Product D, $	-00 ,36,10G,,
890004,75,270202,Product D, $	-00 ,36,1G,,
890004,75,257994,Product D," $	1,274.37 ",36,200Mb,,
890004,75,257839,Product D," $	1,106.16 ",24,20Mb,,
890004,75,278817,Product D," $	2,271.46 ",36,1G,,
890004,75,276485,Product D, $	773.80 ,36,10Mb,,
890004,75,276871,Product D, $	778.90 ,36,50Mb,,
890004,75,278625,Product D, $	423.10 ,36,100Mb,,
890004,75,278618,Product D, $	-00 ,36,1G,,
890004,75,275964,Product D, $	554.61 ,36,1G,,
890004,75,282080,Product D, $	480.06 ,36,50Mb,,
890004,75,282396,Other," $	7,136.50 ",36,20G,WA,
890004,75,282044,Product D, $	497.52 ,36,100Mb,CA,
890004,75,280214,Product D, $	525.30 ,36,100Mb,,
890004,75,277493,Product D, $	554.61 ,36,1G,,
890004,75,277464,Product D, $	469.33 ,36,50Mb,,
890004,75,280671,Product D, $	622.92 ,36,100Mb,,
890004,75,280688,Product D, $	485.61 ,36,10Mb,,
890004,75,296671,Product D, $	494.33 ,36,50Mb,CA,
890004,75,287678,Product D," $	1,019.60 ",36,50Mb,,
890004,75,287029,Product B, $	578.34 ,12,N/A,CA,
890004,75,299296,Product F," $	11,109.00 ",89,N/A,CA,
890004,75,290705,Product D, $	690.20 ,36,1G,TX,
890004,75,290164,Product D, $	-00 ,36,1G,TX,
890004,75,289545,Product D, $	452.66 ,36,50Mb,WA,
890004,75,289301,Product D, $	466.55 ,36,50Mb,CA,
890004,75,289303,Product D, $	686.11 ,36,500Mb,CA,
890004,75,291332,Product D, $	438.39 ,36,400Mb,CO,
890004,75,291427,Product B, $	100.00 ,25,DS3 (Coax),CA,CA
890004,75,291798,Product F," $	19,678.80 ",89,N/A,CA,
890004,75,293077,Product D, $	699.56 ,24,100Mb,CA,
890004,75,302452,Product D, $	452.66 ,36,50Mb,AZ,
890004,75,292693,Product D, $	554.61 ,36,1G,TX,
890004,75,292638,Product D, $	-00 ,36,1G,TX,
890004,75,302652,Product D, $	497.52 ,36,100Mb,CA,
890004,75,293260,Product F," $	3,491.40 ",89,N/A,CA,
890004,75,293325,Product D, $	423.10 ,36,100Mb,TX,
138755,10,253438,Product D," $	1,535.00 ",24,1G,,
138755,10,258683,Product D," $	10,959.64 ",36,1G,MD,
138755,10,257630,Other," $	2,210.36 ",36,200Mb,MD,
138755,10,221561,Other," $	3,045.00 ",36,1G,,
138755,10,221567,Other," $	2,295.00 ",24,50Mb,,
138755,10,115557,Product D," $	3,873.84 ",36,1000Mb,MD,MD
138755,10,281237,Product D," $	3,302.96 ",4,100Mb,,
138755,10,296365,Product E," $	9,073.55 ",36,10G,MD,MD
138755,10,296366,Product E," $	10,195.00 ",36,10G,MD,MD
138755,10,296429,Product E," $	16,515.90 ",36,10G,MD,MD
370062,4,189730,Product F, $	899.30 ,36,N/A,NV,
370062,4,189729,Product F," $	15,606.39 ",24,N/A,NV,
370062,4,221280,Other, $	251.75 ,1,10Mb,MA,
370062,4,256697,Product D, $	70.48 ,1,1G,MA,
811264,57,77228,Other," $	8,127.96 ",60,OC3,,
811264,57,80039,Other," $	8,307.25 ",60,OC3,,
811264,57,80040,Other, $	-00 ,60,DS3,,
811264,57,80041,Other, $	-00 ,60,DS3,,
811264,57,71920,Other," $	14,624.08 ",60,OC3,,
811264,57,71921,Other," $	14,014.75 ",60,OC3,,
811264,57,52866,Other," $	5,977.02 ",60,DS3,,
811264,57,52180,Other," $	4,781.15 ",60,DS3,,
811264,57,52174,Other," $	4,781.15 ",60,DS3,,
811264,57,46469,Other," $	7,171.72 ",60,DS3,,
811264,57,30387,Other," $	8,359.90 ",36,OC3,,
811264,57,37975,Other, $	-00 ,60,DS3,,
811264,57,37976,Other, $	-00 ,60,DS3,,
811264,57,37964,Other, $	-00 ,60,DS3,,
811264,57,37965,Other, $	-00 ,60,DS3,,
811264,57,37966,Other, $	-00 ,60,DS3,,
811264,57,37986,Other, $	-00 ,60,DS3,,
811264,57,40682,Other, $	-00 ,60,DS3,,
811264,57,24396,Other," $	7,470.54 ",60,OC3,,
811264,57,24426,Other," $	3,914.57 ",60,DS3,,
811264,57,25569,Other," $	13,898.45 ",60,OC3,,
811264,57,24393,Other," $	3,914.57 ",60,DS3,,
811264,57,24394,Other," $	12,849.33 ",60,OC3,,
811264,57,17280,Other," $	3,301.34 ",60,DS3,,
811264,57,17497,Other," $	4,012.01 ",60,DS3,,
811264,57,17599,Other," $	3,890.76 ",60,DS3,,
811264,57,17598,Other," $	3,890.76 ",60,DS3,,
811264,57,17601,Other," $	8,103.27 ",60,DS3,,
811264,57,17596,Other," $	4,327.78 ",60,DS3,,
811264,57,17499,Other," $	2,633.85 ",1,DS3,,
811264,57,17498,Other," $	2,633.85 ",1,DS3,,
811264,57,298494,Product E," $	28,546.00 ",36,10G,,
811264,57,280775,Product D," $	1,174.81 ",84,50Mb,KS,KS
811264,57,277062,Product D," $	1,283.33 ",84,100Mb,KS,KS
811264,57,277099,Product D," $	1,648.81 ",84,50Mb,KS,KS
811264,57,277095,Product D," $	1,741.67 ",84,100Mb,KS,KS
811264,57,277096,Product D," $	1,839.29 ",84,50Mb,KS,KS
811264,57,277097,Product D," $	1,083.33 ",84,50Mb,KS,KS
811264,57,277098,Product D," $	1,083.33 ",84,50Mb,KS,KS
811264,57,277100,Product D," $	1,232.14 ",84,50Mb,KS,KS
811264,57,277101,Product D," $	1,095.24 ",84,50Mb,KS,KS
811264,57,277102,Product D, $	934.52 ,84,50Mb,KS,KS
811264,57,277103,Product D, $	934.52 ,84,50Mb,KS,KS
811264,57,277104,Product D," $	1,083.33 ",84,50Mb,KS,KS
811264,57,277105,Product D," $	1,157.74 ",84,50Mb,KS,KS
811264,57,277106,Product D," $	1,157.74 ",84,50Mb,KS,KS
811264,57,277107,Product D," $	1,017.86 ",84,50Mb,KS,KS
811264,57,277108,Product D, $	994.05 ,84,50Mb,KS,KS
811264,57,277109,Product D, $	934.52 ,84,50Mb,KS,KS
811264,57,277110,Product D," $	1,214.29 ",84,50Mb,KS,KS
811264,57,277111,Product D," $	1,297.62 ",84,50Mb,KS,KS
811264,57,277113,Product D, $	994.05 ,84,50Mb,KS,KS
811264,57,277112,Product D," $	1,380.95 ",84,50Mb,KS,KS
811264,57,277114,Product D," $	1,083.33 ",84,50Mb,KS,KS
811264,57,277115,Product D," $	1,083.33 ",84,50Mb,KS,KS
811264,57,277116,Product D, $	952.38 ,84,50Mb,KS,KS
811264,57,277117,Product D," $	1,982.14 ",84,50Mb,KS,KS
400119,1,287264,Product E," $	44,858.00 ",36,100G,,